{"s6.large.2": 0.32142857142857145, "n.2.8": 0.8571428571428571, "n.2.4": 0.8392857142857143, "n.8.16": 0.9464285714285714, "c6.large": 0.05357142857142857, "s5.2xlarge32": 0.6785714285714286, "r6.xlarge": 0.125, "s5.large16": 0.6428571428571429, "n.4.8": 0.8928571428571429, "c6.xlarge.2": 0.4642857142857143, "c6.large.2": 0.42857142857142855, "m6.xlarge.8": 0.5535714285714286, "n.2.16": 0.875, "c6.2xlarge.4": 0.5178571428571429, "s5.large8": 0.625, "r6.large": 0.10714285714285714, "N4CPU32GB": 0.9285714285714286, "c6.xlarge.4": 0.48214285714285715, "s5.medium4": 0.5892857142857143, "s5.2xlarge16": 0.6607142857142857, "n.8.64": 0.9821428571428571, "hfr6.large": 0.26785714285714285, "s6.xlarge.4": 0.375, "c3.large16": 0.7142857142857143, "c6.xlarge": 0.07142857142857142, "c6.2xlarge.2": 0.5, "c6.2xlarge": 0.08928571428571429, "s6.large.4": 0.3392857142857143, "hfg6.2xlarge": 0.19642857142857142, "c3.large8": 0.6964285714285714, "s6.xlarge.2": 0.35714285714285715, "s5.medium8": 0.6071428571428571, "hfg6.large": 0.16071428571428573, "s6.2xlarge.4": 0.4107142857142857, "n.8.32": 0.9642857142857143, "hfr6.2xlarge": 0.30357142857142855, "s6.2xlarge.2": 0.39285714285714285, "hfc6.large": 0.21428571428571427, "hfc6.2xlarge": 0.25, "2xlarge32": 0.7678571428571429, "hfr6.xlarge": 0.2857142857142857, "c3": 0.75, "m6.2xlarge.8": 0.5714285714285714, "m5.medium16": 0.7857142857142857, "r6.2xlarge": 0.14285714285714285, "g6.xlarge": 0.017857142857142856, "c3.2xlarge16": 0.7321428571428571, "g6.large": 0.0, "hfg6.xlarge": 0.17857142857142858, "m5.2xlarge64": 0.8214285714285714, "n.4.16": 0.9107142857142857, "m5.large32": 0.8035714285714286, "hfc6.xlarge": 0.23214285714285715, "c6.large.4": 0.44642857142857145, "m6.large.8": 0.5357142857142857, "g6.2xlarge": 0.03571428571428571}