{"n.4.32": 0.9272727272727272, "s6.large.2": 0.32727272727272727, "n.2.8": 0.8545454545454545, "n.2.4": 0.8363636363636363, "c3.2xlarge32": 0.7636363636363637, "n.8.16": 0.9454545454545454, "c6.large": 0.05454545454545454, "s5.2xlarge32": 0.6909090909090909, "r6.xlarge": 0.12727272727272726, "s5.large16": 0.6545454545454545, "n.4.8": 0.8909090909090909, "c6.xlarge.2": 0.4727272727272727, "c6.large.2": 0.43636363636363634, "m6.xlarge.8": 0.5636363636363636, "n.2.16": 0.8727272727272727, "c6.2xlarge.4": 0.5272727272727272, "s5.large8": 0.6363636363636364, "r6.large": 0.10909090909090909, "c6.xlarge.4": 0.4909090909090909, "s5.medium4": 0.6, "s5.2xlarge16": 0.6727272727272727, "n.8.64": 0.9818181818181818, "hfr6.large": 0.2727272727272727, "s6.xlarge.4": 0.38181818181818183, "c3.large16": 0.7272727272727273, "c6.xlarge": 0.07272727272727272, "c6.2xlarge.2": 0.509090909090909, "c6.2xlarge": 0.09090909090909091, "s6.large.4": 0.34545454545454546, "hfg6.2xlarge": 0.2, "c3.large8": 0.7090909090909091, "s6.xlarge.2": 0.36363636363636365, "s5.medium8": 0.6181818181818182, "hfg6.large": 0.16363636363636364, "s6.2xlarge.4": 0.41818181818181815, "n.8.32": 0.9636363636363636, "hfr6.2xlarge": 0.3090909090909091, "s6.2xlarge.2": 0.4, "hfc6.large": 0.21818181818181817, "hfc6.2xlarge": 0.2545454545454545, "hfr6.xlarge": 0.2909090909090909, "m6.2xlarge.8": 0.5818181818181818, "m5.medium16": 0.7818181818181819, "r6.2xlarge": 0.14545454545454545, "g6.xlarge": 0.01818181818181818, "c3.2xlarge16": 0.7454545454545455, "g6.large": 0.0, "hfg6.xlarge": 0.18181818181818182, "m5.2xlarge64": 0.8181818181818182, "n.4.16": 0.9090909090909091, "m5.large32": 0.8, "hfc6.xlarge": 0.23636363636363636, "c6.large.4": 0.45454545454545453, "m6.large.8": 0.5454545454545454, "g6.2xlarge": 0.03636363636363636}